Tweet Text,Creator,Time Posted,Likes,Tweet Link
"RT @roro_asesino: #AvanzaElPlanC 
A propÃ³sito del viaje en helicÃ³ptero y del vehÃ­culo Tesla, por lo menos aceptan sus excesos, no dirÃ© nombâ€¦",Max Maximum,2024-11-17T04:17:28.000Z,0,https://twitter.com/Max Maximum/status/1858001486036320561
RT @Tesla: Assembling a team https://t.co/6KBQy5m4vU,LaurenHenry,2024-11-17T04:17:26.000Z,0,https://twitter.com/LaurenHenry/status/1858001477652066309
RT @TheCleanCarClub: Tesla driver brakes failure https://t.co/p3f5OyaMml,Jorge Felix,2024-11-17T04:17:25.000Z,0,https://twitter.com/Jorge Felix/status/1858001470743842962
"@daveshow6 @Elmwoodpolo @COVID19_disease I understand your statement. However, if I was going to buy a â€œTesla carâ€ (for eg), I would up the manufacturerâ€™s blurbâ€¦AND I would  read up on â€œusers review/testimonialsâ€ to hear real world usage examples.

You see..healthâ€ is very important . Guard like â€œur life depends on itâ€",as of now,2024-11-17T04:17:20.000Z,0,https://twitter.com/as of now/status/1858001452599320601
"@J_70111 @NakedGambling How many companies has he created?
How many jobs has he created?
How many people has he inspired to better themselves at something?
How many lives has he helped or saved in some shape or form? (Tesla,Starlink,Neuralink)
How much money is he donating to charities or other causes?",Edison,2024-11-17T04:17:19.000Z,0,https://twitter.com/Edison/status/1858001446371004474
RT @fregandaaaa: ğŸª¡ Abro hilo de cuando gracias a @Tesla no solo descubrÃ­ que vivÃ­a con un infiel patolÃ³gico si no que tambiÃ©n resultÃ³ ser eâ€¦,Humberto,2024-11-17T04:17:15.000Z,0,https://twitter.com/Humberto/status/1858001430906343907
"RT @EWTNNewsNightly: A new report says Tesla CEO and tech giant Elon Musk, met this week with Iran's Ambassador to the United Nations. Theâ€¦",NWP4IR Ù…ÛŒÙ‡Ù† Ù¾Ø±Ø³ØªØ§Ù† Ø´Ù…Ø§Ù„ ØºØ±Ø¨ Ø§Ù†Ú¯Ù„Ø³ØªØ§Ù†,2024-11-17T04:17:13.000Z,0,https://twitter.com/NWP4IR Ù…ÛŒÙ‡Ù† Ù¾Ø±Ø³ØªØ§Ù† Ø´Ù…Ø§Ù„ ØºØ±Ø¨ Ø§Ù†Ú¯Ù„Ø³ØªØ§Ù†/status/1858001423281143938
@fightoracle Dream team. Ok so whatâ€™s going to have the biggest impact? What are you seeing? Small nuclear reactor stocks? Energy stocks? Or still just pump Tesla and Bitcoin?,Roy Parmessio,2024-11-17T04:17:11.000Z,0,https://twitter.com/Roy Parmessio/status/1858001412577501643
"RT @TeslaCamera: This girl decided to throw two glass bottles and break the windshield and glass roof of this #Tesla, not knowing Sentry Moâ€¦",Octavian Gicu VLAD,2024-11-17T04:17:10.000Z,0,https://twitter.com/Octavian Gicu VLAD/status/1858001408168960258
@TeslaSynopsis Tesla forever,AJ MarsLife,2024-11-17T04:17:06.000Z,0,https://twitter.com/AJ MarsLife/status/1858001393950265830
