title,url,created_utc,subreddit,score,num_comments
We are blood red,https://i.redd.it/d5iu0taedf9e1.jpeg,1735320033.0,StockMarket,3775,549
WTF    happened today?,https://i.redd.it/1q69d7wsgg9e1.png,1735333301.0,TheRaceTo10Million,376,196
"Unexpected end of week dip. Again, MAG7 and big tech are my focus for buying. They have the strongest positioning charts ITM hence most supportive on pullbacks. As such, any dip in these stocks is unlikely to last and is actually a gift. ",https://www.reddit.com/r/TradingEdge/comments/1hnhrcf/unexpected_end_of_week_dip_again_mag7_and_big/,1735314644.0,TradingEdge,77,16
I have collated all the significant news this morning from the Bloomberg terminal and have included it all in this summarised post. ,https://www.reddit.com/r/Daytrading/comments/1hnffcl/i_have_collated_all_the_significant_news_this/,1735307921.0,Daytrading,63,11
"Very quiet premarket in terms of news, hence shorter premarket report today. Main developments were to do with BOJ and also politically in Germany &amp; S Korea. Also AAPL upgrade at Wedbush",https://www.reddit.com/r/TradingEdge/comments/1hnf205/very_quiet_premarket_in_terms_of_news_hence/,1735306721.0,TradingEdge,39,0
Premarket dump 27/12/2024,https://www.reddit.com/r/ComstockLODE/comments/1hne2du/premarket_dump_27122024/,1735303333.0,ComstockLODE,23,11
New Watch/New Face,https://i.redd.it/ro8tfdztma9e1.jpeg,1735262673.0,AppleWatch,20,6
"r/Stocks Daily Discussion &amp; Fundamentals Friday Dec 27, 2024",https://www.reddit.com/r/stocks/comments/1hnc5je/rstocks_daily_discussion_fundamentals_friday_dec/,1735295412.0,stocks,18,129
"NASDAQ down over 2%, S&amp;P 500 down 1.4%, Russell 2000 down 1.87%, 10-year yield: 4.583% ",https://i.redd.it/ugn3ze5cte9e1.jpeg,1735313286.0,XGramatikInsights,13,1
"AsÃ­ cerrÃ³ la bolsa de USA: viernes, 27-DIC-2024 (resumen en los comentarios)",https://i.redd.it/erdvtxhnkg9e1.png,1735334634.0,Inversiones,11,4
Closing out the yearğŸ’µğŸ’µğŸ’µ,https://i.redd.it/n59dvynkeg9e1.jpeg,1735332536.0,TheRaceTo10Million,11,2
"Very quiet premarket in terms of news, hence shorter premarket report today. Main developments were to do with BOJ and also politically in Germany &amp; S Korea. Also AAPL upgrade at Wedbush",https://www.reddit.com/r/u_TearRepresentative56/comments/1hnf1y1/very_quiet_premarket_in_terms_of_news_hence/,1735306716.0,u_TearRepresentative56,13,0
Todays largest increases in stock option open interest $NVDA $AAL $MSTR $AAPL $TSLA $WMT $MSFT $POET $BBAI $MARA $SMCI,https://i.redd.it/prad72gywd9e1.png,1735302442.0,Optionmillionaires,9,0
"Stock Market Recap for Friday, December 27, 2024",https://i.redd.it/acg14gtclg9e1.png,1735334844.0,smallstreetbets,9,0
How's it look,https://i.redd.it/cu4yfxxkpb9e1.jpeg,1735275705.0,Talaria,9,12
"Market Digest (12/27) - Stocks Slide, Sea of Red, Quantum Gains, AI Falls",https://www.reddit.com/r/InnerCircleInvesting/comments/1hnigcf/market_digest_1227_stocks_slide_sea_of_red/,1735316512.0,InnerCircleInvesting,8,0
"Hello and thanks, next moves?",https://i.redd.it/qrofl3qvkg9e1.jpeg,1735334656.0,TheRaceTo10Million,7,3
"Wedbush raise AAPL price target to a street high of 325. AAPL does look stretched here, Weekly RSI above 74, but positioning is so strong ITM that any dip is a buy into strength.",https://www.reddit.com/r/TradingEdge/comments/1hnfben/wedbush_raise_aapl_price_target_to_a_street_high/,1735307566.0,TradingEdge,4,0
"$WIMI entry $2.25, ran to $2.77ğŸš¨ğŸ‘‡â™¥ï¸ğŸš€ğŸ¤‘",https://www.reddit.com/gallery/1hnh45h,1735312902.0,Stocktradingalerts,3,0
"Stock Market Recap for Friday, December 27, 2024",https://i.redd.it/uiz30cb8lg9e1.png,1735334866.0,FluentInFinance,3,1
"$RR alerted at $1.55, ran to $3.50ğŸš¨ğŸš¨ğŸš€ğŸ‘‡",https://i.redd.it/co65lifahg9e1.jpeg,1735333448.0,Stocktradingalerts,3,0
"Hottest options contracts. No Index/ETFs, OTM contracts only, min 1000 volume, min 2.0 vol/OI ratio, min $250k transacted on the chain, max 5% volume from multileg trades.",https://www.reddit.com/gallery/1hnk1bf,1735320636.0,unusual_whales,3,0
Daughters Custodial Account ,https://www.reddit.com/r/portfolios/comments/1hnguro/daughters_custodial_account/,1735312158.0,portfolios,3,3
Appleâ€™s New Moves and Updates On $490M Investor Settlement,https://www.reddit.com/r/applestocks/comments/1hnhgqw/apples_new_moves_and_updates_on_490m_investor/,1735313841.0,applestocks,2,0
"$AILE alerted at $.35, ran to $.86ğŸš¨ğŸ‘‡â™¥ï¸ğŸš€ğŸ¤‘",https://i.redd.it/99zeytut3f9e1.jpeg,1735316814.0,Stocktradingalerts,2,0
